Date,Close,TTM_EPS,PE_TTM
2020-01-02,72.40052795410156,,
2020-01-03,71.6966323852539,,
2020-01-06,72.26792907714844,,
2020-01-07,71.92804718017578,,
2020-01-08,73.08511352539062,,
2020-01-09,74.63751220703125,,
2020-01-10,74.8062515258789,,
2020-01-13,76.4044189453125,,
2020-01-14,75.37271881103516,,
2020-01-15,75.0497055053711,,
2020-01-16,75.98980712890625,,
2020-01-17,76.83108520507812,,
2020-01-21,76.31041717529297,,
2020-01-22,76.58280944824219,,
2020-01-23,76.95162963867188,,
2020-01-24,76.72984313964844,,
2020-01-27,74.47357177734375,,
2020-01-28,76.58038330078125,,
2020-01-29,78.18339538574219,,
2020-01-30,78.0700912475586,,
2020-01-31,74.60857391357422,,
2020-02-03,74.4036865234375,,
2020-02-04,76.86002349853516,,
2020-02-05,77.48676300048828,,
2020-02-06,78.39310455322266,,
2020-02-07,77.32752990722656,,
2020-02-10,77.69481658935547,,
2020-02-11,77.2260513305664,,
2020-02-12,79.06001281738281,,
2020-02-13,78.49699401855469,,
2020-02-14,78.51634216308594,,
2020-02-18,77.07865905761719,,
2020-02-19,78.1949691772461,,
2020-02-20,77.39277648925781,,
2020-02-21,75.6409912109375,,
2020-02-24,72.04802703857422,,
2020-02-25,69.60759735107422,,
2020-02-26,70.71183013916016,,
2020-02-27,66.08951568603516,,
2020-02-28,66.05085754394531,,
2020-03-02,72.20023345947266,,
2020-03-03,69.90721893310547,,
2020-03-04,73.14984130859375,,
2020-03-05,70.77706909179688,,
2020-03-06,69.83711242675781,,
2020-03-09,64.3135757446289,,
2020-03-10,68.94556427001953,,
2020-03-11,66.55103302001953,,
2020-03-12,59.97879409790039,,
2020-03-13,67.16475677490234,,
2020-03-16,58.52421569824219,,
2020-03-17,61.097530364990234,,
2020-03-18,59.601863861083984,,
2020-03-19,59.14519119262695,,
2020-03-20,55.39033126831055,,
2020-03-23,54.21360397338867,,
2020-03-24,59.65260696411133,,
2020-03-25,59.32400131225586,,
2020-03-26,62.44579315185547,,
2020-03-27,59.860408782958984,,
2020-03-30,61.568702697753906,,
2020-03-31,61.443050384521484,,
2020-04-01,58.210105895996094,,
2020-04-02,59.181434631347656,,
2020-04-03,58.330909729003906,,
2020-04-06,63.4195556640625,,
2020-04-07,62.68500900268555,,
2020-04-08,64.28939819335938,,
2020-04-09,64.7533187866211,,
2020-04-13,66.02427673339844,,
2020-04-14,69.35872650146484,,
2020-04-15,68.72566223144531,,
2020-04-16,69.27173614501953,,
2020-04-17,68.33180236816406,,
2020-04-20,66.91346740722656,,
2020-04-21,64.84517669677734,,
2020-04-22,66.7129135131836,,
2020-04-23,66.45438385009766,,
2020-04-24,68.37290954589844,,
2020-04-27,68.42121887207031,,
2020-04-28,67.3121337890625,,
2020-04-29,69.52302551269531,,
2020-04-30,70.98970031738281,,
2020-05-01,69.84679412841797,,
2020-05-04,70.83505249023438,,
2020-05-05,71.8982162475586,,
2020-05-06,72.63999938964844,,
2020-05-07,73.39144897460938,,
2020-05-08,75.13832092285156,,
2020-05-11,76.32062530517578,,
2020-05-12,75.44841003417969,,
2020-05-13,74.53742980957031,,
2020-05-14,74.995361328125,,
2020-05-15,74.5519790649414,,
2020-05-18,76.3084945678711,,
2020-05-19,75.86756134033203,,
2020-05-20,77.34306335449219,,
2020-05-21,76.76641082763672,,
2020-05-22,77.26067352294922,,
2020-05-26,76.73735809326172,,
2020-05-27,77.0716781616211,,
2020-05-28,77.10560607910156,,
2020-05-29,77.03050231933594,,
2020-06-01,77.9778060913086,,
2020-06-02,78.33879852294922,,
2020-06-03,78.77008819580078,,
2020-06-04,78.0916976928711,,
2020-06-05,80.31584167480469,,
2020-06-08,80.79067993164062,,
2020-06-09,83.34190368652344,,
2020-06-10,85.48607635498047,,
2020-06-11,81.38185119628906,,
2020-06-12,82.08447265625,,
2020-06-15,83.099609375,,
2020-06-16,85.30192565917969,,
2020-06-17,85.18321228027344,,
2020-06-18,85.2171401977539,,
2020-06-19,84.73015594482422,,
2020-06-22,86.9469985961914,,
2020-06-23,88.8028793334961,,
2020-06-24,87.23534393310547,,
2020-06-25,88.39342498779297,,
2020-06-26,85.677490234375,,
2020-06-29,87.65206146240234,,
2020-06-30,88.38374328613281,,
2020-07-01,88.21656799316406,,
2020-07-02,88.21656799316406,,
2020-07-06,90.57637023925781,,
2020-07-07,90.29533386230469,,
2020-07-08,92.39830780029297,,
2020-07-09,92.79566955566406,,
2020-07-10,92.9579849243164,,
2020-07-13,92.52913665771484,,
2020-07-14,94.06037139892578,,
2020-07-15,94.70726013183594,,
2020-07-16,93.54188537597656,,
2020-07-17,93.35292053222656,,
2020-07-20,95.3202133178711,,
2020-07-21,94.0046157836914,,
2020-07-22,94.26872253417969,,
2020-07-23,89.97795104980469,,
2020-07-24,89.75502014160156,,
2020-07-27,91.88225555419922,,
2020-07-28,90.37284851074219,,
2020-07-29,92.10517120361328,,
2020-07-30,93.21965789794922,,
2020-07-31,102.97869110107422,,
2020-08-03,105.57350158691406,,
2020-08-04,106.2785415649414,,
2020-08-05,106.66376495361328,,
2020-08-06,110.38517761230469,,
2020-08-07,107.87548828125,,
2020-08-10,109.44343566894531,,
2020-08-11,106.18860626220703,,
2020-08-12,109.71772766113281,,
2020-08-13,111.6594467163086,,
2020-08-14,111.55992889404297,,
2020-08-17,111.2686538696289,,
2020-08-18,112.19584655761719,,
2020-08-19,112.33663177490234,,
2020-08-20,114.82933044433594,,
2020-08-21,120.74676513671875,,
2020-08-24,122.19093322753906,,
2020-08-25,121.18849182128906,,
2020-08-26,122.8365707397461,,
2020-08-27,121.36811828613281,,
2020-08-28,121.1715316772461,,
2020-08-31,125.28070831298828,,
2020-09-01,130.27090454101562,,
2020-09-02,127.57196044921875,,
2020-09-03,117.35843658447266,,
2020-09-04,117.43610382080078,,
2020-09-08,109.53325653076172,,
2020-09-09,113.90216827392578,,
2020-09-10,110.18373107910156,,
2020-09-11,108.73712921142578,,
2020-09-14,111.99925231933594,,
2020-09-15,112.17401123046875,,
2020-09-16,108.86334991455078,,
2020-09-17,107.12549591064453,,
2020-09-18,103.72745513916016,,
2020-09-21,106.8730697631836,,
2020-09-22,108.55267333984375,,
2020-09-23,103.99929809570312,,
2020-09-24,105.0672378540039,,
2020-09-25,109.00896453857422,,
2020-09-28,111.61091613769531,,
2020-09-29,110.76625061035156,,
2020-09-30,112.43614959716797,,
2020-10-01,113.3875961303711,,
2020-10-02,109.7274169921875,,
2020-10-05,113.10604858398438,,
2020-10-06,109.86334991455078,,
2020-10-07,111.7274169921875,,
2020-10-08,111.62062072753906,,
2020-10-09,113.5623550415039,,
2020-10-12,120.77587890625,,
2020-10-13,117.57202911376953,,
2020-10-14,117.6594009399414,,
2020-10-15,117.19340515136719,,
2020-10-16,115.5526123046875,,
2020-10-19,112.6011962890625,,
2020-10-20,114.08661651611328,,
2020-10-21,113.46528625488281,,
2020-10-22,112.37788391113281,,
2020-10-23,111.68856811523438,,
2020-10-26,111.69827270507812,,
2020-10-27,113.203125,,
2020-10-28,107.9604263305664,,
2020-10-29,111.96041107177734,,
2020-10-30,105.68862915039062,,
2020-11-02,105.6012191772461,,
2020-11-03,107.22258758544922,,
2020-11-04,111.60118103027344,,
2020-11-05,115.56233215332031,,
2020-11-06,115.43103790283203,,
2020-11-09,113.12610626220703,,
2020-11-10,112.78572845458984,,
2020-11-11,116.20906829833984,,
2020-11-12,115.93677520751953,,
2020-11-13,115.98539733886719,,
2020-11-16,116.99684143066406,,
2020-11-17,116.11182403564453,,
2020-11-18,114.78915405273438,,
2020-11-19,115.38240051269531,,
2020-11-20,114.11810302734375,,
2020-11-23,110.72393798828125,,
2020-11-24,112.00769805908203,,
2020-11-25,112.84407806396484,,
2020-11-27,113.38870239257812,,
2020-11-30,115.7811508178711,,
2020-12-01,119.35038757324219,,
2020-12-02,119.70050811767578,,
2020-12-03,119.5643539428711,,
2020-12-04,118.89328002929688,,
2020-12-07,120.35211181640625,,
2020-12-08,120.96481323242188,,
2020-12-09,118.43619537353516,,
2020-12-10,119.85610961914062,,
2020-12-11,119.04891204833984,,
2020-12-14,118.43619537353516,,
2020-12-15,124.36870574951172,,
2020-12-16,124.30062866210938,,
2020-12-17,125.16617584228516,,
2020-12-18,123.18222045898438,,
2020-12-21,124.70907592773438,,
2020-12-22,128.25888061523438,,
2020-12-23,127.36414337158203,,
2020-12-24,128.34640502929688,,
2020-12-28,132.93682861328125,,
2020-12-29,131.1667938232422,,
2020-12-30,130.0483856201172,,
2020-12-31,129.046630859375,,
2021-01-04,125.85671997070312,,
2021-01-05,127.41277313232422,,
2021-01-06,123.12383270263672,,
2021-01-07,127.32525634765625,,
2021-01-08,128.42420959472656,,
2021-01-11,125.43851470947266,,
2021-01-12,125.26345825195312,,
2021-01-13,127.29607391357422,,
2021-01-14,125.37041473388672,,
2021-01-15,123.6490249633789,,
2021-01-19,124.32009887695312,,
2021-01-20,128.4047393798828,,
2021-01-21,133.1118621826172,,
2021-01-22,135.25143432617188,,
2021-01-25,138.99574279785156,,
2021-01-26,139.22914123535156,,
2021-01-27,138.15940856933594,,
2021-01-28,133.3258056640625,,
2021-01-29,128.33668518066406,,
2021-02-01,130.45680236816406,,
2021-02-02,131.2834930419922,,
2021-02-03,130.2622833251953,,
2021-02-04,133.61758422851562,,
2021-02-05,133.20361328125,,
2021-02-08,133.34971618652344,,
2021-02-09,132.47312927246094,,
2021-02-10,131.86924743652344,,
2021-02-11,131.61599731445312,,
2021-02-12,131.8497772216797,,
2021-02-16,129.7265167236328,,
2021-02-17,127.43758392333984,,
2021-02-18,126.33699035644531,,
2021-02-19,126.4927978515625,,
2021-02-22,122.72344207763672,,
2021-02-23,122.58706665039062,,
2021-02-24,122.09033203125,,
2021-02-25,117.84373474121094,,
2021-02-26,118.10670471191406,,
2021-03-01,124.46688079833984,,
2021-03-02,121.86634826660156,,
2021-03-03,118.8858871459961,,
2021-03-04,117.0060806274414,,
2021-03-05,118.26253509521484,,
2021-03-08,113.33412170410156,,
2021-03-09,117.94112396240234,,
2021-03-10,116.86000061035156,,
2021-03-11,118.78850555419922,,
2021-03-12,117.8826904296875,,
2021-03-15,120.76571655273438,,
2021-03-16,122.30463409423828,,
2021-03-17,121.51568603515625,,
2021-03-18,117.39568328857422,,
2021-03-19,116.8697280883789,,
2021-03-22,120.18132019042969,,
2021-03-23,119.35343170166016,,
2021-03-24,116.96712493896484,,
2021-03-25,117.45411682128906,,
2021-03-26,118.0580062866211,,
2021-03-29,118.23332977294922,,
2021-03-30,116.78206634521484,,
2021-03-31,118.97355651855469,,
2021-04-01,119.80145263671875,,
2021-04-05,122.62605285644531,,
2021-04-06,122.92797088623047,,
2021-04-07,124.57405090332031,,
2021-04-08,126.97007751464844,,
2021-04-09,129.54141235351562,,
2021-04-12,127.82718658447266,,
2021-04-13,130.93421936035156,,
2021-04-14,128.59661865234375,,
2021-04-15,131.00234985351562,,
2021-04-16,130.67123413085938,,
2021-04-19,131.3335723876953,,
2021-04-20,129.6485137939453,,
2021-04-21,130.02841186523438,,
2021-04-22,128.5089874267578,,
2021-04-23,130.82708740234375,,
2021-04-26,131.21670532226562,,
2021-04-27,130.895263671875,,
2021-04-28,130.10633850097656,,
2021-04-29,130.00892639160156,,
2021-04-30,128.0414276123047,,
2021-05-03,129.09335327148438,,
2021-05-04,124.52532196044922,,
2021-05-05,124.76883697509766,,
2021-05-06,126.36615753173828,,
2021-05-07,127.0394058227539,,
2021-05-10,123.76119995117188,,
2021-05-11,122.8440933227539,,
2021-05-12,119.7805404663086,,
2021-05-13,121.92699432373047,,
2021-05-14,124.34659576416016,,
2021-05-17,123.19532012939453,,
2021-05-18,121.80989837646484,,
2021-05-19,121.65380096435547,,
2021-05-20,124.21001434326172,,
2021-05-21,122.37579345703125,,
2021-05-24,124.0051040649414,,
2021-05-25,123.80998992919922,,
2021-05-26,123.76119995117188,,
2021-05-27,122.22942352294922,,
2021-05-28,121.57575225830078,,
2021-06-01,121.25377655029297,,
2021-06-02,122.01478576660156,,
2021-06-03,120.53179168701172,,
2021-06-04,122.8245849609375,,
2021-06-07,122.83433532714844,,
2021-06-08,123.65386199951172,,
2021-06-09,124.03437805175781,,
2021-06-10,123.03923034667969,,
2021-06-11,124.2490463256836,,
2021-06-14,127.30281829833984,,
2021-06-15,126.48326110839844,,
2021-06-16,126.98082733154297,,
2021-06-17,128.5808868408203,,
2021-06-18,127.28330993652344,,
2021-06-21,129.07850646972656,,
2021-06-22,130.71754455566406,,
2021-06-23,130.4443817138672,,
2021-06-24,130.16148376464844,,
2021-06-25,129.8687744140625,,
2021-06-28,131.49810791015625,,
2021-06-29,133.01036071777344,,
2021-06-30,133.6250457763672,,
2021-07-01,133.92745971679688,,
2021-07-02,136.55201721191406,,
2021-07-06,138.56179809570312,,
2021-07-07,141.04974365234375,,
2021-07-08,139.75209045410156,,
2021-07-09,141.5765380859375,,
2021-07-12,140.98141479492188,,
2021-07-13,142.09365844726562,,
2021-07-14,145.51820373535156,,
2021-07-15,144.86444091796875,,
2021-07-16,142.8253936767578,,
2021-07-19,138.98133850097656,,
2021-07-20,142.59121704101562,,
2021-07-21,141.85952758789062,,
2021-07-22,143.22543334960938,,
2021-07-23,144.9425506591797,,
2021-07-26,145.36207580566406,,
2021-07-27,143.1961669921875,,
2021-07-28,141.44973754882812,,
2021-07-29,142.09365844726562,,
2021-07-30,142.30828857421875,,
2021-08-02,141.97659301757812,,
2021-08-03,143.77178955078125,,
2021-08-04,143.3717803955078,,
2021-08-05,143.47906494140625,,
2021-08-06,142.7950897216797,,
2021-08-09,142.74623107910156,,
2021-08-10,142.26748657226562,,
2021-08-11,142.52151489257812,,
2021-08-12,145.48216247558594,,
2021-08-13,145.68736267089844,,
2021-08-16,147.6611785888672,,
2021-08-17,146.75242614746094,,
2021-08-18,143.01010131835938,,
2021-08-19,143.34230041503906,,
2021-08-20,144.79818725585938,,
2021-08-23,146.283447265625,,
2021-08-24,146.19541931152344,,
2021-08-25,144.96429443359375,,
2021-08-26,144.16305541992188,,
2021-08-27,145.19879150390625,,
2021-08-30,149.6153564453125,,
2021-08-31,148.35487365722656,,
2021-09-01,149.01930236816406,,
2021-09-02,150.1332244873047,,
2021-09-03,150.76832580566406,,
2021-09-07,153.10362243652344,,
2021-09-08,151.559814453125,,
2021-09-09,150.54359436035156,,
2021-09-10,145.56033325195312,,
2021-09-13,146.1270751953125,,
2021-09-14,144.72976684570312,,
2021-09-15,145.61900329589844,,
2021-09-16,145.3844451904297,,
2021-09-17,142.71693420410156,,
2021-09-20,139.66835021972656,,
2021-09-21,140.1471405029297,,
2021-09-22,142.51174926757812,,
2021-09-23,143.46929931640625,,
2021-09-24,143.55726623535156,,
2021-09-27,142.04273986816406,,
2021-09-28,138.66192626953125,,
2021-09-29,139.5608673095703,,
2021-09-30,138.26133728027344,,
2021-10-01,139.3849639892578,,
2021-10-04,135.95530700683594,,
2021-10-05,137.88027954101562,,
2021-10-06,138.74984741210938,,
2021-10-07,140.01034545898438,,
2021-10-08,139.6292724609375,,
2021-10-11,139.5413360595703,,
2021-10-12,138.27110290527344,,
2021-10-13,137.68482971191406,,
2021-10-14,140.46957397460938,,
2021-10-15,141.52484130859375,,
2021-10-18,143.1957244873047,,
2021-10-19,145.35516357421875,,
2021-10-20,145.84373474121094,,
2021-10-21,146.0586700439453,,
2021-10-22,145.2867431640625,,
2021-10-25,145.23788452148438,,
2021-10-26,145.90234375,,
2021-10-27,145.44309997558594,,
2021-10-28,149.0779571533203,,
2021-10-29,146.37132263183594,,
2021-11-01,145.5505828857422,,
2021-11-02,146.58627319335938,,
2021-11-03,148.0226287841797,,
2021-11-04,147.50482177734375,,
2021-11-05,148.0331573486328,,
2021-11-08,147.2112274169922,,
2021-11-09,147.57327270507812,,
2021-11-10,144.7453155517578,,
2021-11-11,144.69638061523438,,
2021-11-12,146.7709197998047,,
2021-11-15,146.7806854248047,,
2021-11-16,147.75918579101562,,
2021-11-17,150.19577026367188,,
2021-11-18,154.4817352294922,,
2021-11-19,157.10427856445312,,
2021-11-22,157.5641632080078,,
2021-11-23,157.94580078125,,
2021-11-24,158.4644317626953,,
2021-11-26,153.44451904296875,,
2021-11-29,156.8009033203125,,
2021-11-30,161.7522735595703,,
2021-12-01,161.23370361328125,,
2021-12-02,160.24534606933594,,
2021-12-03,158.36654663085938,,
2021-12-06,161.7718963623047,,
2021-12-07,167.50608825683594,,
2021-12-08,171.32240295410156,,
2021-12-09,170.8135528564453,,
2021-12-10,175.59861755371094,,
2021-12-13,171.96823120117188,,
2021-12-14,170.58848571777344,,
2021-12-15,175.4518585205078,,
2021-12-16,168.5629119873047,,
2021-12-17,167.4669647216797,,
2021-12-20,166.10678100585938,,
2021-12-21,169.2772674560547,,
2021-12-22,171.87034606933594,,
2021-12-23,172.49664306640625,,
2021-12-27,176.45970153808594,,
2021-12-28,175.44204711914062,,
2021-12-29,175.53009033203125,,
2021-12-30,174.37542724609375,,
2021-12-31,173.75897216796875,,
2022-01-03,178.10366821289062,,
2022-01-04,175.84326171875,,
2022-01-05,171.1658477783203,,
2022-01-06,168.30850219726562,,
2022-01-07,168.47486877441406,,
2022-01-10,168.49441528320312,,
2022-01-11,171.32240295410156,,
2022-01-12,171.7627410888672,,
2022-01-13,168.49441528320312,,
2022-01-14,169.3555450439453,,
2022-01-18,166.1557159423828,,
2022-01-19,162.6623077392578,,
2022-01-20,160.979248046875,,
2022-01-21,158.92433166503906,,
2022-01-24,158.15127563476562,,
2022-01-25,156.3507843017578,,
2022-01-26,156.26271057128906,,
2022-01-27,155.8028106689453,,
2022-01-28,166.67433166503906,,
2022-01-31,171.02880859375,,
2022-02-01,170.86248779296875,,
2022-02-02,172.06605529785156,,
2022-02-03,169.18919372558594,,
2022-02-04,168.90505981445312,,
2022-02-07,168.1898193359375,,
2022-02-08,171.29574584960938,,
2022-02-09,172.71641540527344,,
2022-02-10,168.64053344726562,,
2022-02-11,165.23085021972656,,
2022-02-14,165.4660186767578,,
2022-02-15,169.2969512939453,,
2022-02-16,169.06179809570312,,
2022-02-17,165.4660186767578,,
2022-02-18,163.91798400878906,,
2022-02-22,160.99818420410156,,
2022-02-23,156.83409118652344,,
2022-02-24,159.45018005371094,,
2022-02-25,161.5175018310547,,
2022-02-28,161.7820281982422,,
2022-03-01,159.9008331298828,,
2022-03-02,163.19290161132812,,
2022-03-03,162.8695526123047,,
2022-03-04,159.87142944335938,,
2022-03-07,156.0796661376953,,
2022-03-08,154.25726318359375,,
2022-03-09,159.6558837890625,,
2022-03-10,155.31546020507812,,
2022-03-11,151.60205078125,,
2022-03-14,147.57513427734375,,
2022-03-15,151.95477294921875,,
2022-03-16,156.36378479003906,,
2022-03-17,157.3730010986328,,
2022-03-18,160.6650848388672,,
2022-03-21,162.03675842285156,,
2022-03-22,165.4072265625,,
2022-03-23,166.76910400390625,,
2022-03-24,170.55111694335938,,
2022-03-25,171.18797302246094,,
2022-03-28,172.0501708984375,,
2022-03-29,175.34225463867188,,
2022-03-30,174.17630004882812,,
2022-03-31,171.08018493652344,,
2022-04-01,170.78627014160156,,
2022-04-04,174.83273315429688,,
2022-04-05,171.5210418701172,,
2022-04-06,168.35635375976562,,
2022-04-07,168.6600799560547,,
2022-04-08,166.65155029296875,,
2022-04-11,162.39930725097656,,
2022-04-12,164.27069091796875,,
2022-04-13,166.9552764892578,,
2022-04-14,161.94857788085938,,
2022-04-18,161.73301696777344,,
2022-04-19,164.01589965820312,,
2022-04-20,163.84938049316406,,
2022-04-21,163.05572509765625,,
2022-04-22,158.5193328857422,,
2022-04-25,159.58731079101562,,
2022-04-26,153.63021850585938,,
2022-04-27,153.40487670898438,,
2022-04-28,160.33193969726562,,
2022-04-29,154.46302795410156,,
2022-05-02,154.76678466796875,,
2022-05-03,156.2560272216797,,
2022-05-04,162.66380310058594,,
2022-05-05,153.600830078125,,
2022-05-06,154.326904296875,,
2022-05-09,149.20492553710938,,
2022-05-10,151.6089324951172,,
2022-05-11,143.74932861328125,,
2022-05-12,139.88331604003906,,
2022-05-13,144.347900390625,,
2022-05-16,142.8073272705078,,
2022-05-17,146.4379425048828,,
2022-05-18,138.17599487304688,,
2022-05-19,134.77114868164062,,
2022-05-20,135.0066375732422,,
2022-05-23,140.4229736328125,,
2022-05-24,137.724609375,,
2022-05-25,137.88162231445312,,
2022-05-26,141.08035278320312,,
2022-05-27,146.83038330078125,,
2022-05-31,146.04539489746094,,
2022-06-01,145.91786193847656,,
2022-06-02,148.3708953857422,,
2022-06-03,142.6503448486328,,
2022-06-06,143.39608764648438,,
2022-06-07,145.91786193847656,,
2022-06-08,145.18190002441406,,
2022-06-09,139.9617919921875,,
2022-06-10,134.55526733398438,,
2022-06-13,129.40382385253906,,
2022-06-14,130.26731872558594,,
2022-06-15,132.88719177246094,,
2022-06-16,127.61800384521484,,
2022-06-17,129.08982849121094,,
2022-06-21,133.3189239501953,,
2022-06-22,132.80868530273438,,
2022-06-23,135.6738739013672,,
2022-06-24,139.00018310546875,,
2022-06-27,139.00018310546875,,
2022-06-28,134.85943603515625,,
2022-06-29,136.61581420898438,,
2022-06-30,134.15296936035156,,
2022-07-01,136.32144165039062,,
2022-07-05,138.90208435058594,,
2022-07-06,140.23654174804688,,
2022-07-07,143.60215759277344,,
2022-07-08,144.2791748046875,,
2022-07-11,142.1499481201172,,
2022-07-12,143.121337890625,,
2022-07-13,142.75830078125,,
2022-07-14,145.68234252929688,,
2022-07-15,147.35043334960938,,
2022-07-18,144.3086395263672,,
2022-07-19,148.1648406982422,,
2022-07-20,150.16651916503906,,
2022-07-21,152.4331512451172,,
2022-07-22,151.19679260253906,,
2022-07-25,150.0782012939453,,
2022-07-26,148.7535858154297,,
2022-07-27,153.84609985351562,,
2022-07-28,154.3956298828125,,
2022-07-29,159.458740234375,,
2022-08-01,158.47750854492188,,
2022-08-02,157.00567626953125,,
2022-08-03,163.01077270507812,,
2022-08-04,162.69677734375,,
2022-08-05,162.47079467773438,,
2022-08-08,161.99913024902344,,
2022-08-09,162.0482635498047,,
2022-08-10,166.29298400878906,,
2022-08-11,165.5560760498047,,
2022-08-12,169.1032257080078,,
2022-08-15,170.1742401123047,,
2022-08-16,170.01702880859375,,
2022-08-17,171.5105743408203,,
2022-08-18,171.11753845214844,,
2022-08-19,168.5333251953125,,
2022-08-22,164.65211486816406,,
2022-08-23,164.31802368164062,,
2022-08-24,164.6128387451172,,
2022-08-25,167.0692596435547,,
2022-08-26,160.77088928222656,,
2022-08-29,158.5699005126953,,
2022-08-30,156.1428985595703,,
2022-08-31,154.48236083984375,,
2022-09-01,155.20945739746094,,
2022-09-02,153.09689331054688,,
2022-09-06,151.8391571044922,,
2022-09-07,153.24429321289062,,
2022-09-08,151.77041625976562,,
2022-09-09,154.6296844482422,,
2022-09-12,160.58419799804688,,
2022-09-13,151.16122436523438,,
2022-09-14,152.60562133789062,,
2022-09-15,149.71678161621094,,
2022-09-16,148.07586669921875,,
2022-09-19,151.7900390625,,
2022-09-20,154.16790771484375,,
2022-09-21,151.0432891845703,,
2022-09-22,150.080322265625,,
2022-09-23,147.81056213378906,,
2022-09-26,148.14463806152344,,
2022-09-27,149.11741638183594,,
2022-09-28,147.2308349609375,,
2022-09-29,139.99903869628906,,
2022-09-30,135.79351806640625,,
2022-10-03,139.9695281982422,,
2022-10-04,143.5559844970703,,
2022-10-05,143.8507537841797,,
2022-10-06,142.89764404296875,,
2022-10-07,137.65061950683594,,
2022-10-10,137.97488403320312,,
2022-10-11,136.5599365234375,,
2022-10-12,135.9311065673828,,
2022-10-13,140.5001220703125,,
2022-10-14,135.97039794921875,,
2022-10-17,139.9302520751953,,
2022-10-18,141.2468719482422,,
2022-10-19,141.35498046875,,
2022-10-20,140.89315795898438,,
2022-10-21,144.7056121826172,,
2022-10-24,146.84765625,,
2022-10-25,149.68727111816406,,
2022-10-26,146.7493896484375,,
2022-10-27,142.2786102294922,,
2022-10-28,153.02810668945312,,
2022-10-31,150.66990661621094,,
2022-11-01,148.0267333984375,,
2022-11-02,142.50460815429688,,
2022-11-03,136.46168518066406,,
2022-11-04,136.1959228515625,,
2022-11-07,136.72743225097656,,
2022-11-08,137.2982635498047,,
2022-11-09,132.74136352539062,,
2022-11-10,144.5519561767578,,
2022-11-11,147.33729553222656,,
2022-11-14,145.93966674804688,,
2022-11-15,147.67189025878906,,
2022-11-16,146.44166564941406,,
2022-11-17,148.34121704101562,,
2022-11-18,148.9021759033203,,
2022-11-21,145.67393493652344,,
2022-11-22,147.80972290039062,,
2022-11-23,148.68569946289062,,
2022-11-25,145.7723846435547,,
2022-11-28,141.94378662109375,,
2022-11-29,138.94190979003906,,
2022-11-30,145.69363403320312,,
2022-12-01,145.96925354003906,,
2022-12-02,145.4771270751953,,
2022-12-05,144.3157501220703,,
2022-12-06,140.6544647216797,,
2022-12-07,138.71556091308594,,
2022-12-08,140.39854431152344,,
2022-12-09,139.9163360595703,,
2022-12-12,142.2095184326172,,
2022-12-13,143.17404174804688,,
2022-12-14,140.94973754882812,,
2022-12-15,134.3456268310547,,
2022-12-16,132.38702392578125,,
2022-12-19,130.2808074951172,,
2022-12-20,130.2119140625,,
2022-12-21,133.3122100830078,,
2022-12-22,130.1430206298828,,
2022-12-23,129.7788543701172,,
2022-12-27,127.97772979736328,,
2022-12-28,124.05071258544922,,
2022-12-29,127.56437683105469,,
2022-12-30,127.87931823730469,,
2023-01-03,123.09601593017578,,
2023-01-04,124.36567687988281,,
2023-01-05,123.04681396484375,,
2023-01-06,127.57420349121094,,
2023-01-09,128.09584045410156,,
2023-01-10,128.6667022705078,,
2023-01-11,131.38314819335938,,
2023-01-12,131.3043975830078,,
2023-01-13,132.6331024169922,,
2023-01-17,133.79444885253906,,
2023-01-18,133.0759735107422,,
2023-01-19,133.1350555419922,,
2023-01-20,135.6940155029297,,
2023-01-23,138.8828887939453,,
2023-01-24,140.28042602539062,,
2023-01-25,139.62103271484375,,
2023-01-26,141.6879119873047,,
2023-01-27,143.62677001953125,,
2023-01-30,140.74302673339844,,
2023-01-31,142.01268005371094,,
2023-02-01,143.13470458984375,,
2023-02-02,148.4396209716797,,
2023-02-03,152.0615234375,,
2023-02-06,149.33526611328125,,
2023-02-07,152.20913696289062,,
2023-02-08,149.52224731445312,,
2023-02-09,148.48878479003906,,
2023-02-10,148.8535614013672,,
2023-02-13,151.6529998779297,,
2023-02-14,151.01226806640625,,
2023-02-15,153.11184692382812,,
2023-02-16,151.5149688720703,,
2023-02-17,150.37155151367188,,
2023-02-21,146.3596649169922,,
2023-02-22,146.78350830078125,,
2023-02-23,147.26651000976562,,
2023-02-24,144.61495971679688,,
2023-02-27,145.80767822265625,,
2023-02-28,145.30494689941406,,
2023-03-01,143.2349395751953,,
2023-03-02,143.82638549804688,,
2023-03-03,148.87326049804688,,
2023-03-06,151.63328552246094,,
2023-03-07,149.4351043701172,,
2023-03-08,150.68698120117188,,
2023-03-09,148.43954467773438,,
2023-03-10,146.37936401367188,,
2023-03-13,148.32125854492188,,
2023-03-14,150.41099548339844,,
2023-03-15,150.80528259277344,,
2023-03-16,153.6244354248047,,
2023-03-17,152.78656005859375,,
2023-03-20,155.1522979736328,,
2023-03-21,157.00543212890625,,
2023-03-22,155.576171875,,
2023-03-23,156.6604461669922,,
2023-03-24,157.96160888671875,,
2023-03-27,156.0197296142578,,
2023-03-28,155.39871215820312,,
2023-03-29,158.47413635253906,,
2023-03-30,160.04147338867188,,
2023-03-31,162.54515075683594,,
2023-04-03,163.7970733642578,,
2023-04-04,163.2647705078125,,
2023-04-05,161.4214630126953,,
2023-04-06,162.30857849121094,,
2023-04-10,159.71617126464844,,
2023-04-11,158.5037384033203,,
2023-04-12,157.81373596191406,,
2023-04-13,163.1957550048828,,
2023-04-14,162.8507843017578,,
2023-04-17,162.87046813964844,,
2023-04-18,164.09274291992188,,
2023-04-19,165.23619079589844,,
2023-04-20,164.27017211914062,,
2023-04-21,162.66346740722656,,
2023-04-24,162.9690704345703,,
2023-04-25,161.4313507080078,,
2023-04-26,161.4214630126953,,
2023-04-27,166.00506591796875,,
2023-04-28,167.2569122314453,,
2023-05-01,167.16824340820312,,
2023-05-02,166.13319396972656,,
2023-05-03,165.05877685546875,,
2023-05-04,163.42247009277344,,
2023-05-05,171.09140014648438,,
2023-05-08,171.02239990234375,,
2023-05-09,169.31707763671875,,
2023-05-10,171.0814971923828,,
2023-05-11,171.268798828125,,
2023-05-12,170.34092712402344,,
2023-05-15,169.84742736816406,,
2023-05-16,169.84742736816406,,
2023-05-17,170.45938110351562,,
2023-05-18,172.78895568847656,,
2023-05-19,172.8975067138672,,
2023-05-22,171.9499053955078,,
2023-05-23,169.343994140625,,
2023-05-24,169.62037658691406,,
2023-05-25,170.75555419921875,,
2023-05-26,173.1639862060547,,
2023-05-30,175.00987243652344,,
2023-05-31,174.9604949951172,,
2023-06-01,177.7638397216797,,
2023-06-02,178.6127166748047,,
2023-06-05,177.2603759765625,,
2023-06-06,176.8951873779297,,
2023-06-07,175.52313232421875,,
2023-06-08,178.23764038085938,,
2023-06-09,178.62257385253906,,
2023-06-12,181.416015625,,
2023-06-13,180.94223022460938,,
2023-06-14,181.57395935058594,,
2023-06-15,183.6073455810547,,
2023-06-16,182.5314483642578,,
2023-06-20,182.62025451660156,,
2023-06-21,181.58383178710938,,
2023-06-22,184.5845489501953,,
2023-06-23,184.2686767578125,,
2023-06-26,182.87692260742188,,
2023-06-27,185.63084411621094,,
2023-06-28,186.80551147460938,,
2023-06-29,187.14112854003906,,
2023-06-30,191.46450805664062,,
2023-07-03,189.97406005859375,,
2023-07-05,188.85861206054688,,
2023-07-06,189.33242797851562,,
2023-07-07,188.217041015625,,
2023-07-10,186.1737823486328,,
2023-07-11,185.65060424804688,,
2023-07-12,187.3188018798828,,
2023-07-13,188.07884216308594,,
2023-07-14,188.22691345214844,,
2023-07-17,191.48426818847656,,
2023-07-18,191.22760009765625,,
2023-07-19,192.57994079589844,,
2023-07-20,190.63539123535156,,
2023-07-21,189.46075439453125,,
2023-07-24,190.26026916503906,,
2023-07-25,191.11904907226562,,
2023-07-26,191.98768615722656,,
2023-07-27,190.72421264648438,,
2023-07-28,193.3004913330078,,
2023-07-31,193.9124755859375,,
2023-08-01,193.08334350585938,,
2023-08-02,190.0924530029297,,
2023-08-03,188.70071411132812,,
2023-08-04,179.63926696777344,,
2023-08-07,176.53985595703125,,
2023-08-08,177.47756958007812,,
2023-08-09,175.8883514404297,,
2023-08-10,175.6712188720703,,
2023-08-11,175.73049926757812,,
2023-08-14,177.38116455078125,,
2023-08-15,175.3944549560547,,
2023-08-16,174.524658203125,,
2023-08-17,171.98439025878906,,
2023-08-18,172.46875,,
2023-08-21,173.80307006835938,,
2023-08-22,175.17698669433594,,
2023-08-23,179.02194213867188,,
2023-08-24,174.3368377685547,,
2023-08-25,176.541015625,,
2023-08-28,178.10269165039062,,
2023-08-29,181.98716735839844,,
2023-08-30,185.47630310058594,,
2023-08-31,185.69374084472656,,
2023-09-01,187.2653350830078,,
2023-09-05,187.50253295898438,,
2023-09-06,180.79119873046875,,
2023-09-07,175.503173828125,,
2023-09-08,176.115966796875,,
2023-09-11,177.28231811523438,,
2023-09-12,174.2577667236328,,
2023-09-13,172.19198608398438,,
2023-09-14,173.7042694091797,,
2023-09-15,172.98268127441406,,
2023-09-18,175.90841674804688,,
2023-09-19,176.9956817626953,,
2023-09-20,173.4571533203125,,
2023-09-21,171.91519165039062,,
2023-09-22,172.7652587890625,,
2023-09-25,174.04034423828125,,
2023-09-26,169.9680633544922,,
2023-09-27,168.45571899414062,,
2023-09-28,168.71275329589844,,
2023-09-29,169.2267303466797,,
2023-10-02,171.73731994628906,,
2023-10-03,170.40293884277344,,
2023-10-04,171.6483154296875,,
2023-10-05,172.88388061523438,,
2023-10-06,175.43397521972656,,
2023-10-09,176.91661071777344,,
2023-10-10,176.32354736328125,,
2023-10-11,177.7172393798828,,
2023-10-12,178.61668395996094,,
2023-10-13,176.77822875976562,,
2023-10-16,176.6497039794922,,
2023-10-17,175.09791564941406,,
2023-10-18,173.80307006835938,,
2023-10-19,173.4275360107422,,
2023-10-20,170.87734985351562,,
2023-10-23,170.99600219726562,,
2023-10-24,171.43089294433594,,
2023-10-25,169.11798095703125,,
2023-10-26,164.95677185058594,,
2023-10-27,166.27134704589844,,
2023-10-30,168.31736755371094,,
2023-10-31,168.79183959960938,,
2023-11-01,171.9547576904297,,
2023-11-02,175.5130615234375,,
2023-11-03,174.6037139892578,,
2023-11-06,177.15380859375,,
2023-11-07,179.7138214111328,,
2023-11-08,180.7714385986328,,
2023-11-09,180.2969970703125,,
2023-11-10,184.4834747314453,,
2023-11-13,182.89993286132812,,
2023-11-14,185.5128173828125,,
2023-11-15,186.07693481445312,,
2023-11-16,187.75949096679688,,
2023-11-17,187.7396697998047,,
2023-11-20,189.48158264160156,,
2023-11-21,188.67990112304688,,
2023-11-22,189.343017578125,,
2023-11-24,188.01681518554688,,
2023-11-27,187.83863830566406,,
2023-11-28,188.44236755371094,,
2023-11-29,187.42294311523438,,
2023-11-30,187.99697875976562,,
2023-12-01,189.27374267578125,,
2023-12-04,187.4823455810547,,
2023-12-05,191.43128967285156,,
2023-12-06,190.34262084960938,,
2023-12-07,192.2725830078125,,
2023-12-08,193.69776916503906,,
2023-12-11,191.19375610351562,,
2023-12-12,192.7080535888672,,
2023-12-13,195.92465209960938,,
2023-12-14,196.07308959960938,,
2023-12-15,195.5386505126953,,
2023-12-18,193.87591552734375,,
2023-12-19,194.9151153564453,,
2023-12-20,192.8268280029297,,
2023-12-21,192.67835998535156,,
2023-12-22,191.6094512939453,,
2023-12-26,191.06512451171875,,
2023-12-27,191.1640625,,
2023-12-28,191.58966064453125,,
2023-12-29,190.55044555664062,,
2024-01-02,183.7313232421875,,
2024-01-03,182.35562133789062,,
2024-01-04,180.03964233398438,,
2024-01-05,179.31716918945312,,
2024-01-08,183.65211486816406,,
2024-01-09,183.23641967773438,,
2024-01-10,184.27565002441406,,
2024-01-11,183.68182373046875,,
2024-01-12,184.0084228515625,,
2024-01-16,181.74197387695312,,
2024-01-17,180.80174255371094,,
2024-01-18,186.69056701660156,,
2024-01-19,189.59043884277344,,
2024-01-22,191.896484375,,
2024-01-23,193.17320251464844,,
2024-01-24,192.5001983642578,,
2024-01-25,192.17359924316406,,
2024-01-26,190.4416046142578,,
2024-01-29,189.75869750976562,,
2024-01-30,186.1066436767578,,
2024-01-31,182.50404357910156,,
2024-02-01,184.93875122070312,,
2024-02-02,183.93917846679688,,
2024-02-05,185.7503204345703,,
2024-02-06,187.3536834716797,,
2024-02-07,187.4625244140625,,
2024-02-08,186.38375854492188,,
2024-02-09,187.1468048095703,,
2024-02-12,185.46214294433594,,
2024-02-13,183.37115478515625,,
2024-02-14,182.4891815185547,,
2024-02-15,182.20181274414062,,
2024-02-16,180.665771484375,,
2024-02-20,179.92254638671875,,
2024-02-21,180.67568969726562,,
2024-02-22,182.7072296142578,,
2024-02-23,180.87388610839844,,
2024-02-26,179.5261688232422,,
2024-02-27,180.98291015625,,
2024-02-28,179.7838134765625,,
2024-02-29,179.11985778808594,,
2024-03-01,178.0396728515625,,
2024-03-04,173.5208282470703,,
2024-03-05,168.58572387695312,,
2024-03-06,167.59474182128906,,
2024-03-07,167.47581481933594,,
2024-03-08,169.1902313232422,,
2024-03-11,171.19200134277344,,
2024-03-12,171.66766357421875,,
2024-03-13,169.58660888671875,,
2024-03-14,171.4397430419922,,
2024-03-15,171.06317138671875,,
2024-03-18,172.15325927734375,,
2024-03-19,174.49197387695312,,
2024-03-20,177.05860900878906,,
2024-03-21,169.82443237304688,,
2024-03-22,170.72625732421875,,
2024-03-25,169.30917358398438,,
2024-03-26,168.179443359375,,
2024-03-27,171.74696350097656,,
2024-03-28,169.93344116210938,,
2024-04-01,168.4965362548828,,
2024-04-02,167.3172607421875,,
2024-04-03,168.11993408203125,,
2024-04-04,167.29747009277344,,
2024-04-05,168.0505828857422,,
2024-04-08,166.93080139160156,,
2024-04-09,168.13978576660156,,
2024-04-10,166.266845703125,,
2024-04-11,173.46133422851562,,
2024-04-12,174.95774841308594,,
2024-04-15,171.13255310058594,,
2024-04-16,167.8524169921875,,
2024-04-17,166.48484802246094,,
2024-04-18,165.5334930419922,,
2024-04-19,163.51190185546875,,
2024-04-22,164.3443145751953,,
2024-04-23,165.39476013183594,,
2024-04-24,167.4956512451172,,
2024-04-25,168.3577880859375,,
2024-04-26,167.7731170654297,,
2024-04-29,171.93524169921875,,
2024-04-30,168.79383850097656,,
2024-05-01,167.7731170654297,,
2024-05-02,171.469482421875,,
2024-05-03,181.72613525390625,,
2024-05-06,180.07118225097656,,
2024-05-07,180.75497436523438,,
2024-05-08,181.09190368652344,,
2024-05-09,182.90541076660156,,
2024-05-10,181.64515686035156,,
2024-05-13,184.85035705566406,,
2024-05-14,185.9915313720703,,
2024-05-15,188.26397705078125,,
2024-05-16,188.38304138183594,,
2024-05-17,188.41281127929688,,
2024-05-20,189.57382202148438,,
2024-05-21,190.87379455566406,,
2024-05-22,189.4348907470703,,
2024-05-23,185.44578552246094,,
2024-05-24,188.52197265625,,
2024-05-28,188.53189086914062,,
2024-05-29,188.82958984375,,
2024-05-30,189.82191467285156,,
2024-05-31,190.7745361328125,,
2024-06-03,192.5408935546875,,
2024-06-04,192.8584442138672,,
2024-06-05,194.36676025390625,,
2024-06-06,192.98744201660156,,
2024-06-07,195.37893676757812,,
2024-06-10,191.63787841796875,,
2024-06-11,205.5601806640625,,
2024-06-12,211.4347686767578,,
2024-06-13,212.5957794189453,,
2024-06-14,210.8592071533203,,
2024-06-17,215.00714111328125,,
2024-06-18,212.64540100097656,,
2024-06-20,208.0707550048828,,
2024-06-21,205.89756774902344,,
2024-06-24,206.5426025390625,,
2024-06-25,207.46548461914062,,
2024-06-26,211.61337280273438,,
2024-06-27,212.45687866210938,,
2024-06-28,209.00357055664062,,
2024-07-01,215.08651733398438,,
2024-07-02,218.5795135498047,,
2024-07-03,219.8496856689453,,
2024-07-05,224.6029510498047,,
2024-07-08,226.0715789794922,,
2024-07-09,226.92495727539062,,
2024-07-10,231.19195556640625,,
2024-07-11,225.823486328125,,
2024-07-12,228.7706756591797,,
2024-07-15,232.60108947753906,,
2024-07-16,233.01785278320312,,
2024-07-17,227.12342834472656,,
2024-07-18,222.45950317382812,,
2024-07-19,222.58848571777344,,
2024-07-22,222.24118041992188,,
2024-07-23,223.28311157226562,,
2024-07-24,216.86277770996094,,
2024-07-25,215.8208465576172,,
2024-07-26,216.28724670410156,,
2024-07-29,216.56509399414062,,
2024-07-30,217.12078857421875,,
2024-07-31,220.3756103515625,,
2024-08-01,216.68414306640625,,
2024-08-02,218.17263793945312,,
2024-08-05,207.66392517089844,,
2024-08-06,205.6395721435547,,
2024-08-07,208.20970153808594,,
2024-08-08,211.67291259765625,,
2024-08-09,214.5804443359375,,
2024-08-12,216.11038208007812,,
2024-08-13,219.82598876953125,,
2024-08-14,220.27304077148438,,
2024-08-15,223.25347900390625,,
2024-08-16,224.57479858398438,,
2024-08-19,224.41583251953125,,
2024-08-20,225.0317840576172,,
2024-08-21,224.92250061035156,,
2024-08-22,223.06472778320312,,
2024-08-23,225.359619140625,,
2024-08-26,225.6973876953125,,
2024-08-27,226.5418701171875,,
2024-08-28,225.0119171142578,,
2024-08-29,228.29039001464844,,
2024-08-30,227.5055389404297,,
2024-09-03,221.3162078857422,,
2024-09-04,219.4087371826172,,
2024-09-05,220.92874145507812,,
2024-09-06,219.37893676757812,,
2024-09-09,219.4683380126953,,
2024-09-10,218.67355346679688,,
2024-09-11,221.20692443847656,,
2024-09-12,221.3162078857422,,
2024-09-13,221.04795837402344,,
2024-09-16,214.90829467773438,,
2024-09-17,215.3751983642578,,
2024-09-18,219.24977111816406,,
2024-09-19,227.37640380859375,,
2024-09-20,226.71075439453125,,
2024-09-23,224.99205017089844,,
2024-09-24,225.88616943359375,,
2024-09-25,224.8927001953125,,
2024-09-26,226.0352020263672,,
2024-09-27,226.3034210205078,,
2024-09-30,231.47943115234375,,
2024-10-01,224.73374938964844,,
2024-10-02,225.30003356933594,,
2024-10-03,224.197265625,,
2024-10-04,225.31988525390625,,
2024-10-07,220.2432403564453,,
2024-10-08,224.29661560058594,,
2024-10-09,228.04200744628906,,
2024-10-10,227.54527282714844,,
2024-10-11,226.0650177001953,,
2024-10-14,229.79051208496094,,
2024-10-15,232.3238983154297,,
2024-10-16,230.26739501953125,,
2024-10-17,230.6349639892578,,
2024-10-18,233.46636962890625,,
2024-10-21,234.93670654296875,,
2024-10-22,234.32077026367188,,
2024-10-23,229.2540283203125,,
2024-10-24,229.06529235839844,,
2024-10-25,229.89981079101562,,
2024-10-28,231.87681579589844,,
2024-10-29,232.14505004882812,,
2024-10-30,228.5983428955078,,
2024-10-31,224.43569946289062,,
2024-11-01,221.45529174804688,,
2024-11-04,220.56117248535156,,
2024-11-05,221.9917449951172,,
2024-11-06,221.2665252685547,,
2024-11-07,225.99545288085938,,
2024-11-08,225.7269287109375,,
2024-11-11,223.01174926757812,,
2024-11-12,223.01174926757812,,
2024-11-13,223.89691162109375,,
2024-11-14,226.98007202148438,,
2024-11-15,223.77757263183594,,
2024-11-18,226.7811737060547,,
2024-11-19,227.03973388671875,,
2024-11-20,227.75584411621094,,
2024-11-21,227.27845764160156,,
2024-11-22,228.62110900878906,,
2024-11-25,231.6047821044922,,
2024-11-26,233.7829132080078,,
2024-11-27,233.6536102294922,,
2024-11-29,236.0405731201172,,
2024-12-02,238.2882843017578,,
2024-12-03,241.33168029785156,,
2024-12-04,241.68971252441406,,
2024-12-05,241.71954345703125,,
2024-12-06,241.5206298828125,,
2024-12-09,245.40940856933594,,
2024-12-10,246.42385864257812,,
2024-12-11,245.1508331298828,,
2024-12-12,246.6128387451172,,
2024-12-13,246.7819061279297,,
2024-12-16,249.6760711669922,,
2024-12-17,252.1028289794922,,
2024-12-18,246.7023468017578,,
2024-12-19,248.43287658691406,,
2024-12-20,253.10736083984375,,
2024-12-23,253.88311767578125,,
2024-12-24,256.7972412109375,,
2024-12-26,257.61273193359375,,
2024-12-27,254.20138549804688,,
2024-12-30,250.8297882080078,,
2024-12-31,249.05946350097656,,
2025-01-02,242.52516174316406,,
2025-01-03,242.03781127929688,,
2025-01-06,243.66891479492188,,
2025-01-07,240.89407348632812,,
2025-01-08,241.3813934326172,,
2025-01-10,235.56321716308594,,
2025-01-13,233.1265106201172,,
2025-01-14,232.0125732421875,,
2025-01-15,236.57763671875,,
2025-01-16,227.0198516845703,,
2025-01-17,228.7305145263672,,
2025-01-21,221.4303741455078,,
2025-01-22,222.61392211914062,,
2025-01-23,222.44485473632812,,
2025-01-24,221.56964111328125,,
2025-01-27,228.6111602783203,,
2025-01-28,236.96551513671875,,
2025-01-29,238.05953979492188,,
2025-01-30,236.29916381835938,,
2025-01-31,234.7178192138672,,
2025-02-03,226.77120971679688,,
2025-02-04,231.5352020263672,,
2025-02-05,231.2069854736328,,
2025-02-06,231.95289611816406,,
2025-02-07,226.39329528808594,,
2025-02-10,226.662109375,,
2025-02-11,231.6105499267578,,
2025-02-12,235.8420867919922,,
2025-02-13,240.48187255859375,,
2025-02-14,243.53855895996094,,
2025-02-18,243.40911865234375,,
2025-02-19,243.80738830566406,,
2025-02-20,244.76321411132812,,
2025-02-21,244.4844207763672,,
2025-02-24,246.0277099609375,,
2025-02-25,245.9679718017578,,
2025-02-26,239.31695556640625,,
2025-02-27,236.27023315429688,,
2025-02-28,240.79052734375,,
2025-03-03,236.9970703125,,
2025-03-04,234.90615844726562,,
2025-03-05,234.71701049804688,,
2025-03-06,234.3087921142578,,
2025-03-07,238.03256225585938,,
2025-03-10,226.4928436279297,,
2025-03-11,219.88165283203125,,
2025-03-12,216.03842163085938,,
2025-03-13,208.77008056640625,,
2025-03-14,212.5635528564453,,
2025-03-17,213.07135009765625,,
2025-03-18,211.76702880859375,,
2025-03-19,214.30596923828125,,
2025-03-20,213.17091369628906,,
2025-03-21,217.32281494140625,,
2025-03-24,219.77212524414062,,
2025-03-25,222.77903747558594,,
2025-03-26,220.56866455078125,,
2025-03-27,222.87860107421875,,
2025-03-28,216.9544219970703,,
2025-03-31,221.16604614257812,,
2025-04-01,222.2214813232422,,
2025-04-02,222.91844177246094,,
2025-04-03,202.30825805664062,,
2025-04-04,187.56253051757812,,
2025-04-07,180.6725616455078,,
2025-04-08,171.67178344726562,,
2025-04-09,197.98709106445312,,
2025-04-10,189.59365844726562,,
2025-04-11,197.2901153564453,,
2025-04-14,201.64117431640625,,
2025-04-15,201.2628173828125,,
2025-04-16,193.42697143554688,,
2025-04-17,196.12521362304688,,
2025-04-21,192.32179260253906,,
2025-04-22,198.8732452392578,,
2025-04-23,203.71214294433594,,
2025-04-24,207.46578979492188,,
2025-04-25,208.371826171875,,
2025-04-28,209.22808837890625,,
2025-04-29,210.29347229003906,,
2025-04-30,211.57785034179688,,
2025-05-01,212.39431762695312,,
2025-05-02,204.45889282226562,,
2025-05-05,198.02691650390625,,
2025-05-06,197.64854431152344,,
2025-05-07,195.3983612060547,,
2025-05-08,196.63299560546875,,
2025-05-09,197.66848754882812,,
2025-05-12,210.15048217773438,,
2025-05-13,212.28399658203125,,
2025-05-14,211.68582153320312,,
2025-05-15,210.80848693847656,,
2025-05-16,210.6190643310547,,
2025-05-19,208.14657592773438,,
2025-05-20,206.232421875,,
2025-05-21,201.4768829345703,,
2025-05-22,200.7490997314453,,
2025-05-23,194.67758178710938,,
2025-05-27,199.60260009765625,,
2025-05-28,199.81195068359375,,
2025-05-29,199.3433837890625,,
2025-05-30,200.24066162109375,,
2025-06-02,201.08807373046875,,
2025-06-03,202.65330505371094,,
2025-06-04,202.20468139648438,,
2025-06-05,200.02133178710938,,
2025-06-06,203.30133056640625,,
2025-06-09,200.83883666992188,,
2025-06-10,202.05511474609375,,
2025-06-11,198.1769256591797,,
2025-06-12,198.5956573486328,,
2025-06-13,195.85398864746094,,
2025-06-16,197.81802368164062,,
2025-06-17,195.0464630126953,,
2025-06-18,195.9835968017578,,
2025-06-20,200.39019775390625,,
2025-06-23,200.888671875,,
2025-06-24,199.6923065185547,,
2025-06-25,200.94850158691406,,
2025-06-26,200.39019775390625,,
2025-06-27,200.46995544433594,,
2025-06-30,204.5475311279297,,
2025-07-01,207.1894989013672,,
2025-07-02,211.7954864501953,,
2025-07-03,212.90213012695312,,
2025-07-07,209.3130340576172,,
2025-07-08,209.3728485107422,,
2025-07-09,210.4994354248047,,
2025-07-10,211.76556396484375,,
2025-07-11,210.51937866210938,,
2025-07-14,207.98707580566406,,
2025-07-15,208.4755859375,,
2025-07-16,209.5224151611328,,
2025-07-17,209.38284301757812,,
2025-07-18,210.539306640625,,
2025-07-21,211.83535766601562,,
2025-07-22,213.74954223632812,,
2025-07-23,213.5002899169922,,
2025-07-24,213.11148071289062,,
2025-07-25,213.23110961914062,,
2025-07-28,213.40061950683594,,
2025-07-29,210.62904357910156,,
2025-07-30,208.415771484375,,
2025-07-31,206.94027709960938,,
2025-08-01,201.76602172851562,,
2025-08-04,202.7330780029297,,
2025-08-05,202.3043670654297,,
2025-08-06,212.60302734375,,
2025-08-07,219.36245727539062,,
2025-08-08,228.65420532226562,,
2025-08-11,226.74781799316406,,
2025-08-12,229.21310424804688,,
2025-08-13,232.88612365722656,,
2025-08-14,232.33717346191406,,
2025-08-15,231.1494140625,,
2025-08-18,230.45074462890625,,
2025-08-19,230.1213836669922,,
2025-08-20,225.5800323486328,,
2025-08-21,224.47213745117188,,
2025-08-22,227.3267059326172,,
2025-08-25,226.7278594970703,,
2025-08-26,228.87376403808594,,
2025-08-27,230.05152893066406,,
2025-08-28,232.11758422851562,,
2025-08-29,231.69837951660156,,
2025-09-02,229.28298950195312,,
2025-09-03,238.01634216308594,,
2025-09-04,239.3238525390625,,
2025-09-05,239.2340087890625,,
2025-09-08,237.42745971679688,,
2025-09-09,233.9041748046875,,
2025-09-10,226.35855102539062,,
2025-09-11,229.59239196777344,,
2025-09-12,233.62472534179688,,
2025-09-15,236.24969482421875,,
2025-09-16,237.6969451904297,,
2025-09-17,238.5353546142578,,
2025-09-18,237.42745971679688,,
2025-09-19,245.032958984375,,
2025-09-22,255.5928192138672,,
2025-09-23,253.9459686279297,,
2025-09-24,251.8300018310547,,
2025-09-25,256.3813171386719,,
2025-09-26,254.97401428222656,,
2025-09-29,253.9459686279297,,
2025-09-30,254.14559936523438,7.6295165089359545,33.31083943098756
2025-10-01,254.9640350341797,7.6295165089359545,33.41811171593337
2025-10-02,256.6408386230469,7.6295165089359545,33.63789020214587
2025-10-03,257.5291442871094,7.6295165089359545,33.7543203406772
2025-10-06,256.2016906738281,7.6295165089359545,33.58033112239233
2025-10-07,255.99208068847656,7.6295165089359545,33.552857561635754
2025-10-08,257.5690612792969,7.6295165089359545,33.75955225703006
2025-10-09,253.55670166015625,7.6295165089359545,33.23365266503871
2025-10-10,244.80340576171875,7.6295165089359545,32.08635900780823
2025-10-13,247.18885803222656,7.6295165089359545,32.39902000902815
2025-10-14,247.29864501953125,7.6295165089359545,32.41340977896653
2025-10-15,248.8656463623047,7.6295165089359545,32.61879649527262
2025-10-16,246.979248046875,7.6295165089359545,32.371546448271566
2025-10-17,251.81002807617188,7.6295165089359545,33.00471632524069
2025-10-20,261.7411193847656,7.6295165089359545,34.306383514368875
2025-10-21,262.2701110839844,7.6295165089359545,34.37571840585239
2025-10-22,257.9583435058594,7.6295165089359545,33.810575441278566
2025-10-23,259.0861511230469,7.6295165089359545,33.958397077927046
2025-10-24,262.32000732421875,7.6295165089359545,34.38225830129346
2025-10-27,268.2986145019531,7.6295165089359545,35.16587377295959
2025-10-28,268.4882507324219,7.6295165089359545,35.19072937557172
2025-10-29,269.1869201660156,7.6295165089359545,35.28230391149093
2025-10-30,270.8836669921875,7.6295165089359545,35.504696355911825
2025-10-31,269.85565185546875,7.6295165089359545,35.36995451014549
2025-11-03,268.53814697265625,7.6295165089359545,35.19726927101279
2025-11-04,269.5262756347656,7.6295165089359545,35.326783200362314
2025-11-05,269.6260986328125,7.6295165089359545,35.33986699118051
2025-11-06,269.25677490234375,7.6295165089359545,35.29145976510843
2025-11-07,267.9592590332031,7.6295165089359545,35.121394484088206
2025-11-10,269.1781311035156,7.6295165089359545,35.281151929908646
2025-11-11,274.99267578125,7.6295165089359545,36.04326374537221
2025-11-12,273.21435546875,7.6295165089359545,35.81017947189076
2025-11-13,272.6948547363281,7.6295165089359545,35.742088560518674
2025-11-14,272.15533447265625,7.6295165089359545,35.67137369109805
2025-11-17,267.2099609375,7.6295165089359545,35.023184054262735
2025-11-18,267.19000244140625,7.6295165089359545,35.02056809608631
2025-11-19,268.3089294433594,7.6295165089359545,35.167225751344354
2025-11-20,266.0010986328125,7.6295165089359545,34.864738587466555
2025-11-21,271.2361755371094,7.6295165089359545,35.55089961722059
2025-11-24,275.6620788574219,7.6295165089359545,36.13100234261986
2025-11-25,276.7110900878906,7.6295165089359545,36.26849614438831
2025-11-26,277.29052734375,7.6295165089359545,36.34444293016179
2025-11-28,278.5893249511719,7.6295165089359545,36.51467620849609
2025-12-01,282.8353576660156,7.6295165089359545,37.071203310819115
2025-12-02,285.9224548339844,7.6295165089359545,37.47582884172307
2025-12-03,283.8843688964844,7.6295165089359545,37.20869711258756
2025-12-04,280.4375915527344,7.6295165089359545,36.75692833540319
2025-12-05,278.5193786621094,7.6295165089359545,36.50550835507045
2025-12-08,277.6302185058594,7.6295165089359545,36.38896621832972
2025-12-09,276.9208679199219,7.6295165089359545,36.29599170479316
2025-12-10,278.5193786621094,7.6295165089359545,36.50550835507045
2025-12-11,277.77008056640625,7.6295165089359545,36.407297925244976
2025-12-12,278.0198669433594,7.6295165089359545,36.440037401810834
2025-12-15,273.8537292480469,7.6295165089359545,35.89398213206563
2025-12-16,274.353271484375,7.6295165089359545,35.95945708526129
2025-12-17,271.58587646484375,7.6295165089359545,35.59673488441279
2025-12-18,271.935546875,7.6295165089359545,35.64256615166894
2025-12-19,273.4141845703125,7.6295165089359545,35.83637105314345
2025-12-22,270.7166748046875,7.6295165089359545,35.4828087058485
2025-12-23,272.1053771972656,7.6295165089359545,35.66482579578488
2025-12-24,273.55401611328125,7.6295165089359545,35.85469876012265
2025-12-26,273.1444091796875,7.6295165089359545,35.80101161846511
2025-12-29,273.50408935546875,7.6295165089359545,35.848154864745524
2025-12-30,272.82470703125,7.6295165089359545,35.75910828840966
2025-12-31,271.6058349609375,8.022333415524951,33.856213758869885
2026-01-02,270.75665283203125,8.022333415524951,33.75036149807219
2026-01-05,267.0101623535156,8.022333415524951,33.28335392253745
2026-01-06,262.1147155761719,8.022333415524951,32.673126632822715
2026-01-07,260.08660888671875,8.022333415524951,32.42031905373004
2026-01-08,258.7978515625,8.022333415524951,32.259672860476
2026-01-09,259.1275329589844,8.022333415524951,32.30076830981825
2026-01-12,260.0067138671875,8.022333415524951,32.410359978808444
2026-01-13,260.8059387207031,8.022333415524951,32.50998496472201
2026-01-14,259.71697998046875,8.022333415524951,32.374244066926984
2026-01-15,257.9685974121094,8.022333415524951,32.156304662292435
2026-01-16,255.29112243652344,8.022333415524951,31.82255201989983
2026-01-20,246.46937561035156,8.022333415524951,30.722903529960497
2026-01-21,247.41848754882812,8.022333415524951,30.841212242565213
2026-01-22,248.1178436279297,8.022333415524951,30.928388384826786
2026-01-23,247.80812072753906,8.022333415524951,30.889780802176176
2026-01-26,255.17123413085938,8.022333415524951,31.807607701401167
2026-01-27,258.0285339355469,8.022333415524951,32.163775870522386
2026-01-28,256.2002868652344,8.022333415524951,31.93588119504375
2026-01-29,258.0385437011719,8.022333415524951,32.16502360794572
2026-01-30,259.2374267578125,8.022333415524951,32.314466792932336
2026-02-02,269.7575988769531,8.022333415524951,33.625827412622094
2026-02-03,269.22808837890625,8.022333415524951,33.559822863743314
2026-02-04,276.23150634765625,8.022333415524951,34.43281300339481
2026-02-05,275.6520690917969,8.022333415524951,34.360584983709415
2026-02-06,277.8599853515625,8.022333415524951,34.635806187491944
2026-02-09,274.6199951171875,8.022333415524951,34.231934886393326
2026-02-10,273.67999267578125,8.022333415524951,34.11476169092539
2026-02-11,275.5,8.022333415524951,34.341629265476286
2026-02-12,261.7300109863281,8.022333415524951,32.62517243172964
2026-02-13,255.77999877929688,8.022333415524951,31.88349143957383
2026-02-17,263.8800048828125,8.022333415524951,32.89317349639789
2026-02-18,264.3500061035156,8.022333415524951,32.951760094131856
2026-02-19,260.5799865722656,8.022333415524951,32.48181957483679
2026-02-20,264.5799865722656,8.022333415524951,32.98042762224842
2026-02-23,266.17999267578125,8.022333415524951,33.17987160202858
2026-02-24,272.1400146484375,8.022333415524951,33.92280033160772
2026-02-25,274.2300109863281,8.022333415524951,34.183322579891
2026-02-26,272.95001220703125,8.022333415524951,34.023768156882376
2026-02-27,264.17999267578125,8.022333415524951,32.93056757832276
2026-03-02,264.7200012207031,8.022333415524951,32.99788072986503
2026-03-03,263.75,8.022333415524951,32.87696812620461
2026-03-04,262.5199890136719,8.022333415524951,32.723644782157635
2026-03-05,260.2900085449219,8.022333415524951,32.44567323033525
2026-03-06,257.4599914550781,8.022333415524951,32.092905906508115
2026-03-09,259.8800048828125,8.022333415524951,32.394565448986256
2026-03-10,260.8299865722656,8.022333415524951,32.51298257780002
2026-03-11,260.80999755859375,8.022333415524951,32.510490907030864
2026-03-12,255.75999450683594,8.022333415524951,31.880997866765924
2026-03-13,250.1199951171875,8.022333415524951,31.177960595997067
2026-03-16,252.82000732421875,8.022333415524951,31.514522549630925
2026-03-17,254.22999572753906,8.022333415524951,31.690280440794073
2026-03-18,249.94000244140625,8.022333415524951,31.155524146842147
2026-03-19,248.9600067138672,8.022333415524951,31.03336570779715
2026-03-20,247.99000549316406,8.022333415524951,30.912453104136727
2026-03-23,251.49000549316406,8.022333415524951,31.348735145621905
2026-03-24,251.63999938964844,8.022333415524951,31.36743218658434
2026-03-25,252.6199951171875,8.022333415524951,31.48959062562934
2026-03-26,252.88999938964844,8.022333415524951,31.523247201400476
2026-03-27,248.8000030517578,8.022333415524951,31.01342092941138
2026-03-30,246.6300048828125,8.022333415524951,30.74292629193522
2026-03-31,253.7899932861328,8.022333415524951,31.635433251252593
2026-04-01,255.6300048828125,8.022333415524951,31.864794398611398
2026-04-02,255.9199981689453,8.022333415524951,31.900942645151687
2026-04-06,258.8599853515625,8.022333415524951,32.267417962286686
2026-04-07,253.5,8.022333415524951,31.5992850047123
2026-04-08,258.8999938964844,8.022333415524951,32.27240510790251
2026-04-09,260.489990234375,8.022333415524951,32.47060135025933
2026-04-10,260.4800109863281,8.022333415524951,32.4693574169135
2026-04-13,259.20001220703125,8.022333415524951,32.30980299390488
2026-04-14,258.8299865722656,8.022333415524951,32.2636785540942
2026-04-15,266.42999267578125,8.022333415524951,33.2110346049918
2026-04-16,263.3999938964844,8.022333415524951,32.833339161240595
2026-04-17,270.2300109863281,8.022333415524951,33.68471453247936
2026-04-20,273.04998779296875,8.022333415524951,34.03623031480566
2026-04-21,266.1700134277344,8.022333415524951,33.17862766868276
2026-04-22,273.1700134277344,8.022333415524951,34.051191751653114
2026-04-23,273.42999267578125,8.022333415524951,34.083598687962166
2026-04-24,271.05999755859375,8.022333415524951,33.78817402852317
